[
  {
    "id": 1,
    "category_name": "Life"
  },
  {
    "id": 2,
    "category_name": "Yourself"
  },
  {
    "id": 3,
    "category_name": "Attitude"
  },
  {
    "id": 4,
    "category_name": "Goal"
  },
  {
    "id": 5,
    "category_name": "Action"
  },
  {
    "id": 6,
    "category_name": "Confidence"
  },
  {
    "id": 7,
    "category_name": "Hard work"
  },
  {
    "id": 8,
    "category_name": "Failure"
  },
  {
    "id": 9,
    "category_name": "Stay Strong Through Failures"
  },
  {
    "id": 10,
    "category_name": "Positive"
  },
  {
    "id": 11,
    "category_name": "Time"
  },
  {
    "id": 12,
    "category_name": "Power"
  },
  {
    "id": 13,
    "category_name": "Accuracy"
  },
  {
    "id": 14,
    "category_name": "Change"
  },
  {
    "id": 15,
    "category_name": "Hard Times"
  },
  {
    "id": 16,
    "category_name": "Being Real"
  },
  {
    "id": 17,
    "category_name": "Keep Trying"
  },
  {
    "id": 18,
    "category_name": "Encouraging"
  },
  {
    "id": 19,
    "category_name": "Inspiration"
  },
  {
    "id": 20,
    "category_name": "Experience"
  },
  {
    "id": 21,
    "category_name": "Business"
  },
  {
    "id": 22,
    "category_name": "SomeTimes"
  },
  {
    "id": 23,
    "category_name": "Mistake"
  },
  {
    "id": 24,
    "category_name": "Forgiveness"
  },
  {
    "id": 25,
    "category_name": "Happiness"
  },
  {
    "id": 26,
    "category_name": "People"
  },
  {
    "id": 27,
    "category_name": "Fake People"
  },
  {
    "id": 28,
    "category_name": "Giveup"
  },
  {
    "id": 29,
    "category_name": "Funny and Smile"
  },
  {
    "id": 30,
    "category_name": "Present Future Past"
  },
  {
    "id": 31,
    "category_name": "Appreciation"
  },
  {
    "id": 32,
    "category_name": "Love"
  },
  {
    "id": 33,
    "category_name": "Short Quotes"
  },
  {
    "id": 34,
    "category_name": "Wisdom"
  },
  {
    "id": 35,
    "category_name": "Fitness and Workout"
  },
  {
    "id": 36,
    "category_name": "Proverbs"
  }
]